{
  "project_info": {
    "project_number": "735758325586",
    "project_id": "mealapp-dfd36",
    "storage_bucket": "mealapp-dfd36.appspot.com"
  },
  "client": [
    {
      "client_info": {
        "mobilesdk_app_id": "1:735758325586:android:39aa70b1fb71acef634c8b",
        "android_client_info": {
          "package_name": "com.mealapp.eaglesolutions"
        }
      },
      "oauth_client": [],
      "api_key": [
        {
          "current_key": "AIzaSyA1yZjBHTktPpx9KGU5QkT5tonMOP7YwBE"
        }
      ],
      "services": {
        "appinvite_service": {
          "other_platform_oauth_client": []
        }
      }
    }
  ],
  "configuration_version": "1"
}